exam,answer_key,subject,level,year,issuer,answered_parts,bytes
English-S1-2026-MESP-Tanzania-March-Midterm-exam.pdf,English-S1-2026-MESP-Tanzania-March-Midterm-exam-AnswerKey.pdf,English,Standard 1,2026,MESP Tanzania,23,54035
English-S2-2026-MESP-Tanzania-March-Midterm-exam.pdf,English-S2-2026-MESP-Tanzania-March-Midterm-exam-AnswerKey.pdf,English,Standard 2,2026,MESP Tanzania,50,62924
English-S3-2026-Arusha-region-May-Terminal-exam.pdf,English-S3-2026-Arusha-region-May-Terminal-exam-AnswerKey.pdf,English,Standard 3,2026,Arusha region,32,57859
English-S3-2026-ASAP-March-Midterm-exam.pdf,English-S3-2026-ASAP-March-Midterm-exam-AnswerKey.pdf,English,Standard 3,2026,ASAP,25,54510
English-S3-2026-Nyegezi-Primary-School-May-Terminal-exam.pdf,English-S3-2026-Nyegezi-Primary-School-May-Terminal-exam-AnswerKey.pdf,English,Standard 3,2026,Nyegezi Primary School,32,57383
English-S5-2026-EMO-February-Practice-assessment.pdf,English-S5-2026-EMO-February-Practice-assessment-AnswerKey.pdf,English,Standard 5,2026,EMO,34,60829
English-S6-2026-MESP-Tanzania-Practice-assessment.pdf,English-S6-2026-MESP-Tanzania-Practice-assessment-AnswerKey.pdf,English,Standard 6,2026,MESP Tanzania,35,58801
Kiswahili-S1-2026-MESP-Tanzania-March-Midterm-exam.pdf,Kiswahili-S1-2026-MESP-Tanzania-March-Midterm-exam-AnswerKey.pdf,Kiswahili,Standard 1,2026,MESP Tanzania,33,480271
Kiswahili-S1-2026-PENTA-Monthly-test.pdf,Kiswahili-S1-2026-PENTA-Monthly-test-AnswerKey.pdf,Kiswahili,Standard 1,2026,PENTA,33,214687
Kiswahili-S2-2026-MESP-Tanzania-March-Midterm-exam.pdf,Kiswahili-S2-2026-MESP-Tanzania-March-Midterm-exam-AnswerKey.pdf,Kiswahili,Standard 2,2026,MESP Tanzania,50,539302
Kiswahili-S3-2026-Arusha-region-May-Terminal-exam.pdf,Kiswahili-S3-2026-Arusha-region-May-Terminal-exam-AnswerKey.pdf,Kiswahili,Standard 3,2026,Arusha region,25,56021
Kiswahili-S3-2026-Nyegezi-Primary-School-May-Terminal-exam.pdf,Kiswahili-S3-2026-Nyegezi-Primary-School-May-Terminal-exam-AnswerKey.pdf,Kiswahili,Standard 3,2026,Nyegezi Primary School,30,102922
Kiswahili-S5-2026-Arusha-region-May-Terminal-exam.pdf,Kiswahili-S5-2026-Arusha-region-May-Terminal-exam-AnswerKey.pdf,Kiswahili,Standard 5,2026,Arusha region,35,61203
Kiswahili-S6-2026-Arusha-region-May-Terminal-exam.pdf,Kiswahili-S6-2026-Arusha-region-May-Terminal-exam-AnswerKey.pdf,Kiswahili,Standard 6,2026,Arusha region,31,61221
Mathematics-S1-2026-MESP-Tanzania-March-Midterm-exam.pdf,Mathematics-S1-2026-MESP-Tanzania-March-Midterm-exam-AnswerKey.pdf,Mathematics,Standard 1,2026,MESP Tanzania,33,55016
Mathematics-S2-2026-MESP-Tanzania-March-Midterm-exam.pdf,Mathematics-S2-2026-MESP-Tanzania-March-Midterm-exam-AnswerKey.pdf,Mathematics,Standard 2,2026,MESP Tanzania,50,60610
Mathematics-S3-2026-Arusha-region-May-Terminal-exam.pdf,Mathematics-S3-2026-Arusha-region-May-Terminal-exam-AnswerKey.pdf,Mathematics,Standard 3,2026,Arusha region,25,54434
Mathematics-S3-2026-Nyegezi-Primary-School-May-Terminal-exam.pdf,Mathematics-S3-2026-Nyegezi-Primary-School-May-Terminal-exam-AnswerKey.pdf,Mathematics,Standard 3,2026,Nyegezi Primary School,25,53899
Mathematics-S5-2026-Arusha-region-May-Terminal-exam.pdf,Mathematics-S5-2026-Arusha-region-May-Terminal-exam-AnswerKey.pdf,Mathematics,Standard 5,2026,Arusha region,33,56226
Mathematics-S6-2026-Arusha-region-May-Terminal-exam.pdf,Mathematics-S6-2026-Arusha-region-May-Terminal-exam-AnswerKey.pdf,Mathematics,Standard 6,2026,Arusha region,33,61292
BasicMath-F2-2025.pdf,BasicMath-F2-2025-AnswerKey.pdf,Basic Mathematics,Form 2,2025,NECTA,24,78899
BasicMath-F4-2025.pdf,BasicMath-F4-2025-AnswerKey.pdf,Basic Mathematics,Form 4,2025,NECTA,33,109941
English-F2-2025.pdf,English-F2-2025-AnswerKey.pdf,English,Form 2,2025,NECTA,66,78229
English-F4-2025.pdf,English-F4-2025-AnswerKey.pdf,English,Form 4,2025,NECTA,59,75088
English-S1-2025-Darasa-Huru-Joint-assessment.pdf,English-S1-2025-Darasa-Huru-Joint-assessment-AnswerKey.pdf,English,Standard 1,2025,Darasa Huru,25,55954
English-S2-2025-Mbeya-region-February-Practice-assessment.pdf,English-S2-2025-Mbeya-region-February-Practice-assessment-AnswerKey.pdf,English,Standard 2,2025,Mbeya region,17,54262
English-S2-2025-Mbeya-region-May-Practice-assessment.pdf,English-S2-2025-Mbeya-region-May-Practice-assessment-AnswerKey.pdf,English,Standard 2,2025,Mbeya region,17,54320
English-S2-2025-PENTA-January-Monthly-test.pdf,English-S2-2025-PENTA-January-Monthly-test-AnswerKey.pdf,English,Standard 2,2025,PENTA,25,55390
English-S3-2025-Nsunga-Primary-School-November-Annual-exam.pdf,English-S3-2025-Nsunga-Primary-School-November-Annual-exam-AnswerKey.pdf,English,Standard 3,2025,Nsunga Primary School,25,54345
English-S4-2025-Bariadi-DC-July-Pre-mock-exam.pdf,English-S4-2025-Bariadi-DC-July-Pre-mock-exam-AnswerKey.pdf,English,Standard 4,2025,Bariadi Town Council (UMEKTA),32,57947
English-S4-2025-Chunya-DC-March-Practice-assessment.pdf,English-S4-2025-Chunya-DC-March-Practice-assessment-AnswerKey.pdf,English,Standard 4,2025,Chunya DC,25,54906
English-S4-2025-Dar-es-Salaam-city-July-Mock-exam.pdf,English-S4-2025-Dar-es-Salaam-city-July-Mock-exam-AnswerKey.pdf,English,Standard 4,2025,Dar es Salaam city,32,58316
English-S4-2025-KESS-July-Joint-assessment.pdf,English-S4-2025-KESS-July-Joint-assessment-AnswerKey.pdf,English,Standard 4,2025,KESS,32,58070
English-S4-2025-Kibaha-TC-July-Mock-exam.pdf,English-S4-2025-Kibaha-TC-July-Mock-exam-AnswerKey.pdf,English,Standard 4,2025,Kibaha TC,37,60104
English-S6-2025-Citizen-Primary-School-Practice-assessment.pdf,English-S6-2025-Citizen-Primary-School-Practice-assessment-AnswerKey.pdf,English,Standard 6,2025,Citizen Primary School,36,60265
Kiswahili-F2-2025.pdf,Kiswahili-F2-2025-AnswerKey.pdf,Kiswahili,Form 2,2025,NECTA,64,68817
Kiswahili-F4-2025.pdf,Kiswahili-F4-2025-AnswerKey.pdf,Kiswahili,Form 4,2025,NECTA,58,77029
Kiswahili-S2-2025-Mbeya-region-May-Practice-assessment.pdf,Kiswahili-S2-2025-Mbeya-region-May-Practice-assessment-AnswerKey.pdf,Kiswahili,Standard 2,2025,Mbeya region,11,51374
Kiswahili-S4-2025-Chunya-DC-March-Practice-assessment.pdf,Kiswahili-S4-2025-Chunya-DC-March-Practice-assessment-AnswerKey.pdf,Kiswahili,Standard 4,2025,Chunya DC,25,56778
Kiswahili-S4-2025-Dar-es-Salaam-city-July-Mock-exam.pdf,Kiswahili-S4-2025-Dar-es-Salaam-city-July-Mock-exam-AnswerKey.pdf,Kiswahili,Standard 4,2025,Dar es Salaam city,30,57732
Kiswahili-S4-2025-Dodoma-region-Mock-exam.pdf,Kiswahili-S4-2025-Dodoma-region-Mock-exam-AnswerKey.pdf,Kiswahili,Standard 4,2025,Dodoma region,25,55771
Kiswahili-S4-2025-KESS-July-Joint-assessment.pdf,Kiswahili-S4-2025-KESS-July-Joint-assessment-AnswerKey.pdf,Kiswahili,Standard 4,2025,KESS,30,190701
Kiswahili-S4-2025-Kibaha-TC-July-Mock-exam.pdf,Kiswahili-S4-2025-Kibaha-TC-July-Mock-exam-AnswerKey.pdf,Kiswahili,Standard 4,2025,Kibaha TC,30,58099
Kiswahili-S6-2025-Citizen-Primary-School-Practice-assessment.pdf,Kiswahili-S6-2025-Citizen-Primary-School-Practice-assessment-AnswerKey.pdf,Kiswahili,Standard 6,2025,Citizen Primary School,35,62855
Kiswahili-S6-2025-PENTA-August-Midterm-exam.pdf,Kiswahili-S6-2025-PENTA-August-Midterm-exam-AnswerKey.pdf,Kiswahili,Standard 6,2025,PENTA,35,63393
Mathematics-S2-2025-Mbeya-region-February-Practice-assessment.pdf,Mathematics-S2-2025-Mbeya-region-February-Practice-assessment-AnswerKey.pdf,Mathematics,Standard 2,2025,Mbeya region,16,52811
Mathematics-S2-2025-Mbeya-region-May-Practice-assessment.pdf,Mathematics-S2-2025-Mbeya-region-May-Practice-assessment-AnswerKey.pdf,Mathematics,Standard 2,2025,Mbeya region,16,53248
Mathematics-S3-2025-Darasa-Huru-Annual-exam.pdf,Mathematics-S3-2025-Darasa-Huru-Annual-exam-AnswerKey.pdf,Mathematics,Standard 3,2025,Darasa Huru,25,54225
Mathematics-S3-2025-Nsunga-Primary-School-November-Annual-exam.pdf,Mathematics-S3-2025-Nsunga-Primary-School-November-Annual-exam-AnswerKey.pdf,Mathematics,Standard 3,2025,Nsunga Primary School,25,54448
Mathematics-S4-2025-Bariadi-DC-July-Pre-mock-exam.pdf,Mathematics-S4-2025-Bariadi-DC-July-Pre-mock-exam-AnswerKey.pdf,Mathematics,Standard 4,2025,Bariadi Town Council (UMEKTA),25,54782
Mathematics-S4-2025-Chunya-DC-March-Practice-assessment.pdf,Mathematics-S4-2025-Chunya-DC-March-Practice-assessment-AnswerKey.pdf,Mathematics,Standard 4,2025,Chunya DC,25,55174
Mathematics-S4-2025-Dar-es-Salaam-city-July-Mock-exam.pdf,Mathematics-S4-2025-Dar-es-Salaam-city-July-Mock-exam-AnswerKey.pdf,Mathematics,Standard 4,2025,Dar es Salaam city,25,56071
Mathematics-S4-2025-Dodoma-region-January-Mock-exam.pdf,Mathematics-S4-2025-Dodoma-region-January-Mock-exam-AnswerKey.pdf,Mathematics,Standard 4,2025,Dodoma region,25,55432
Mathematics-S4-2025-KESS-July-Joint-assessment.pdf,Mathematics-S4-2025-KESS-July-Joint-assessment-AnswerKey.pdf,Mathematics,Standard 4,2025,KESS,25,54572
Mathematics-S4-2025-Kibaha-TC-July-Mock-exam.pdf,Mathematics-S4-2025-Kibaha-TC-July-Mock-exam-AnswerKey.pdf,Mathematics,Standard 4,2025,Kibaha TC,25,54916
Mathematics-S6-2025-Moshi-DC-Terminal-exam.pdf,Mathematics-S6-2025-Moshi-DC-Terminal-exam-AnswerKey.pdf,Mathematics,Standard 6,2025,Moshi DC,33,61179
BasicMath-F2-2024.pdf,BasicMath-F2-2024-AnswerKey.pdf,Basic Mathematics,Form 2,2024,NECTA,21,79336
BasicMath-F4-2024.pdf,BasicMath-F4-2024-AnswerKey.pdf,Basic Mathematics,Form 4,2024,NECTA,40,146506
English-F2-2024.pdf,English-F2-2024-AnswerKey.pdf,English,Form 2,2024,NECTA,52,68812
English-F4-2024.pdf,English-F4-2024-AnswerKey.pdf,English,Form 4,2024,NECTA,60,73230
English-S1-2024-MESP-Tanzania-August-Midterm-exam.pdf,English-S1-2024-MESP-Tanzania-August-Midterm-exam-AnswerKey.pdf,English,Standard 1,2024,MESP Tanzania,25,57352
English-S1-2024-MESP-Tanzania-February-Monthly-test.pdf,English-S1-2024-MESP-Tanzania-February-Monthly-test-AnswerKey.pdf,English,Standard 1,2024,MESP Tanzania,25,57172
English-S1-2024-MESP-Tanzania-March-Midterm-exam.pdf,English-S1-2024-MESP-Tanzania-March-Midterm-exam-AnswerKey.pdf,English,Standard 1,2024,MESP Tanzania,25,55782
English-S1-2024-MESP-Tanzania-November-Annual-exam.pdf,English-S1-2024-MESP-Tanzania-November-Annual-exam-AnswerKey.pdf,English,Standard 1,2024,MESP Tanzania,36,57974
English-S2-2024-MESP-Tanzania-August-Midterm-exam.pdf,English-S2-2024-MESP-Tanzania-August-Midterm-exam-AnswerKey.pdf,English,Standard 2,2024,MESP Tanzania,25,55794
English-S2-2024-MESP-Tanzania-November-Annual-exam.pdf,English-S2-2024-MESP-Tanzania-November-Annual-exam-AnswerKey.pdf,English,Standard 2,2024,MESP Tanzania,15,53131
English-S3-2024-Arusha-CC-November-Annual-exam.pdf,English-S3-2024-Arusha-CC-November-Annual-exam-AnswerKey.pdf,English,Standard 3,2024,Arusha CC,25,54726
English-S3-2024-MESP-Tanzania-February-Monthly-test.pdf,English-S3-2024-MESP-Tanzania-February-Monthly-test-AnswerKey.pdf,English,Standard 3,2024,MESP Tanzania,33,58098
English-S4-2024.pdf,English-S4-2024-AnswerKey.pdf,English,Standard 4,2024,NECTA,25,56640
English-S5-2024-MESP-Tanzania-August-Midterm-exam.pdf,English-S5-2024-MESP-Tanzania-August-Midterm-exam-AnswerKey.pdf,English,Standard 5,2024,MESP Tanzania,34,60187
English-S5-2024-MESP-Tanzania-May-Terminal-exam.pdf,English-S5-2024-MESP-Tanzania-May-Terminal-exam-AnswerKey.pdf,English,Standard 5,2024,MESP Tanzania,35,58023
English-S5-2024-MESP-Tanzania-November-Annual-exam.pdf,English-S5-2024-MESP-Tanzania-November-Annual-exam-AnswerKey.pdf,English,Standard 5,2024,MESP Tanzania,35,59917
English-S5-2024-SPES-November-Annual-exam.pdf,English-S5-2024-SPES-November-Annual-exam-AnswerKey.pdf,English,Standard 5,2024,SPES,35,58562
English-S5-2024-SPES-September-Monthly-test.pdf,English-S5-2024-SPES-September-Monthly-test-AnswerKey.pdf,English,Standard 5,2024,SPES,35,58566
English-S5-2024-Sunland-Primary-School-May-Terminal-exam.pdf,English-S5-2024-Sunland-Primary-School-May-Terminal-exam-AnswerKey.pdf,English,Standard 5,2024,Sunland Primary School,35,60168
English-S6-2024-MESP-Tanzania-August-Midterm-exam.pdf,English-S6-2024-MESP-Tanzania-August-Midterm-exam-AnswerKey.pdf,English,Standard 6,2024,MESP Tanzania,35,60088
English-S6-2024-MESP-Tanzania-May-Terminal-exam.pdf,English-S6-2024-MESP-Tanzania-May-Terminal-exam-AnswerKey.pdf,English,Standard 6,2024,MESP Tanzania,35,59484
English-S6-2024-MESP-Tanzania-November-Annual-exam.pdf,English-S6-2024-MESP-Tanzania-November-Annual-exam-AnswerKey.pdf,English,Standard 6,2024,MESP Tanzania,35,60479
English-S6-2024-SAP-September-Practice-assessment.pdf,English-S6-2024-SAP-September-Practice-assessment-AnswerKey.pdf,English,Standard 6,2024,SAP,35,60088
English-S6-2024-SPES-September-Monthly-test.pdf,English-S6-2024-SPES-September-Monthly-test-AnswerKey.pdf,English,Standard 6,2024,SPES,35,59761
English-S6-2024-Top-Abilities-November-Annual-exam.pdf,English-S6-2024-Top-Abilities-November-Annual-exam-AnswerKey.pdf,English,Standard 6,2024,Top Abilities,36,60485
English-S7-2024.pdf,English-S7-2024-AnswerKey.pdf,English,Standard 7,2024,NECTA,35,61427
Hisabati-S4-2024.pdf,Hisabati-S4-2024-AnswerKey.pdf,Hisabati,Standard 4,2024,NECTA,25,55484
Hisabati-S7-2024.pdf,Hisabati-S7-2024-AnswerKey.pdf,Hisabati,Standard 7,2024,NECTA,33,63670
Kiswahili-F2-2024.pdf,Kiswahili-F2-2024-AnswerKey.pdf,Kiswahili,Form 2,2024,NECTA,52,66017
KISWAHILI-F4-2024.pdf,Kiswahili-F4-2024-AnswerKey.pdf,Kiswahili,Form 4,2024,NECTA,45,72709
Kiswahili-S1-2024-MESP-Tanzania-August-Midterm-exam.pdf,Kiswahili-S1-2024-MESP-Tanzania-August-Midterm-exam-AnswerKey.pdf,Kiswahili,Standard 1,2024,MESP Tanzania,26,55079
Kiswahili-S1-2024-MESP-Tanzania-March-Midterm-exam.pdf,Kiswahili-S1-2024-MESP-Tanzania-March-Midterm-exam-AnswerKey.pdf,Kiswahili,Standard 1,2024,MESP Tanzania,25,57094
Kiswahili-S1-2024-MESP-Tanzania-May-Midterm-exam.pdf,Kiswahili-S1-2024-MESP-Tanzania-May-Midterm-exam-AnswerKey.pdf,Kiswahili,Standard 1,2024,MESP Tanzania,25,54198
Kiswahili-S1-2024-MESP-Tanzania-November-Annual-exam.pdf,Kiswahili-S1-2024-MESP-Tanzania-November-Annual-exam-AnswerKey.pdf,Kiswahili,Standard 1,2024,MESP Tanzania,35,219404
Kiswahili-S1-2024-Top-Abilities-Practice-assessment.pdf,Kiswahili-S1-2024-Top-Abilities-Practice-assessment-AnswerKey.pdf,Kiswahili,Standard 1,2024,Top Abilities,30,408146
Kiswahili-S2-2024-MESP-Tanzania-August-Midterm-exam.pdf,Kiswahili-S2-2024-MESP-Tanzania-August-Midterm-exam-AnswerKey.pdf,Kiswahili,Standard 2,2024,MESP Tanzania,25,56567
Kiswahili-S2-2024-MESP-Tanzania-February-Monthly-test.pdf,Kiswahili-S2-2024-MESP-Tanzania-February-Monthly-test-AnswerKey.pdf,Kiswahili,Standard 2,2024,MESP Tanzania,25,199889
Kiswahili-S2-2024-MESP-Tanzania-November-Annual-exam.pdf,Kiswahili-S2-2024-MESP-Tanzania-November-Annual-exam-AnswerKey.pdf,Kiswahili,Standard 2,2024,MESP Tanzania,50,64440
Kiswahili-S3-2024-Arusha-CC-November-Annual-exam.pdf,Kiswahili-S3-2024-Arusha-CC-November-Annual-exam-AnswerKey.pdf,Kiswahili,Standard 3,2024,Arusha CC,25,55866
Kiswahili-S3-2024-Malinyi-DC-Annual-exam.pdf,Kiswahili-S3-2024-Malinyi-DC-Annual-exam-AnswerKey.pdf,Kiswahili,Standard 3,2024,Malinyi DC,25,56053
Kiswahili-S3-2024-MESP-Tanzania-February-Monthly-test.pdf,Kiswahili-S3-2024-MESP-Tanzania-February-Monthly-test-AnswerKey.pdf,Kiswahili,Standard 3,2024,MESP Tanzania,33,60062
Kiswahili-S4-2024.pdf,Kiswahili-S4-2024-AnswerKey.pdf,Kiswahili,Standard 4,2024,NECTA,25,57000
Kiswahili-S5-2024-MESP-Tanzania-April-Monthly-test.pdf,Kiswahili-S5-2024-MESP-Tanzania-April-Monthly-test-AnswerKey.pdf,Kiswahili,Standard 5,2024,MESP Tanzania,30,57345
Kiswahili-S5-2024-MESP-Tanzania-August-Midterm-exam.pdf,Kiswahili-S5-2024-MESP-Tanzania-August-Midterm-exam-AnswerKey.pdf,Kiswahili,Standard 5,2024,MESP Tanzania,34,61262
Kiswahili-S5-2024-MESP-Tanzania-May-Midterm-exam.pdf,Kiswahili-S5-2024-MESP-Tanzania-May-Midterm-exam-AnswerKey.pdf,Kiswahili,Standard 5,2024,MESP Tanzania,35,59537
Kiswahili-S5-2024-MESP-Tanzania-November-Annual-exam.pdf,Kiswahili-S5-2024-MESP-Tanzania-November-Annual-exam-AnswerKey.pdf,Kiswahili,Standard 5,2024,MESP Tanzania,35,60136
Kiswahili-S5-2024-Sunland-Primary-School-May-Midterm-exam.pdf,Kiswahili-S5-2024-Sunland-Primary-School-May-Midterm-exam-AnswerKey.pdf,Kiswahili,Standard 5,2024,Sunland Primary School,35,61124
Kiswahili-S5-2024-VOPSO-April-Practice-assessment.pdf,Kiswahili-S5-2024-VOPSO-April-Practice-assessment-AnswerKey.pdf,Kiswahili,Standard 5,2024,VOPSO,35,61084
Kiswahili-S6-2024-MESP-Tanzania-August-Midterm-exam.pdf,Kiswahili-S6-2024-MESP-Tanzania-August-Midterm-exam-AnswerKey.pdf,Kiswahili,Standard 6,2024,MESP Tanzania,31,63448
Kiswahili-S6-2024-MESP-Tanzania-May-Midterm-exam.pdf,Kiswahili-S6-2024-MESP-Tanzania-May-Midterm-exam-AnswerKey.pdf,Kiswahili,Standard 6,2024,MESP Tanzania,35,63237
Kiswahili-S6-2024-MESP-Tanzania-November-Annual-exam.pdf,Kiswahili-S6-2024-MESP-Tanzania-November-Annual-exam-AnswerKey.pdf,Kiswahili,Standard 6,2024,MESP Tanzania,35,62934
Kiswahili-S6-2024-SAP-September-Practice-assessment.pdf,Kiswahili-S6-2024-SAP-September-Practice-assessment-AnswerKey.pdf,Kiswahili,Standard 6,2024,SAP,35,63166
Kiswahili-S6-2024-Top-Abilities-Joint-assessment.pdf,Kiswahili-S6-2024-Top-Abilities-Joint-assessment-AnswerKey.pdf,Kiswahili,Standard 6,2024,Top Abilities,32,63495
Kiswahili-S6-2024-VOPSO-April-Practice-assessment.pdf,Kiswahili-S6-2024-VOPSO-April-Practice-assessment-AnswerKey.pdf,Kiswahili,Standard 6,2024,VOPSO,35,64713
Kiswahili-S7-2024.pdf,Kiswahili-S7-2024-AnswerKey.pdf,Kiswahili,Standard 7,2024,NECTA,31,59339
Mathematics-S1-2024-MESP-Tanzania-August-Midterm-exam.pdf,Mathematics-S1-2024-MESP-Tanzania-August-Midterm-exam-AnswerKey.pdf,Mathematics,Standard 1,2024,MESP Tanzania,25,53595
Mathematics-S1-2024-MESP-Tanzania-March-Midterm-exam.pdf,Mathematics-S1-2024-MESP-Tanzania-March-Midterm-exam-AnswerKey.pdf,Mathematics,Standard 1,2024,MESP Tanzania,25,180582
Mathematics-S1-2024-MESP-Tanzania-May-Terminal-exam.pdf,Mathematics-S1-2024-MESP-Tanzania-May-Terminal-exam-AnswerKey.pdf,Mathematics,Standard 1,2024,MESP Tanzania,25,53718
Mathematics-S1-2024-MESP-Tanzania-November-Annual-exam.pdf,Mathematics-S1-2024-MESP-Tanzania-November-Annual-exam-AnswerKey.pdf,Mathematics,Standard 1,2024,MESP Tanzania,50,168043
Mathematics-S2-2024-MESP-Tanzania-August-Midterm-exam.pdf,Mathematics-S2-2024-MESP-Tanzania-August-Midterm-exam-AnswerKey.pdf,Mathematics,Standard 2,2024,MESP Tanzania,25,64451
Mathematics-S2-2024-MESP-Tanzania-November-Annual-exam.pdf,Mathematics-S2-2024-MESP-Tanzania-November-Annual-exam-AnswerKey.pdf,Mathematics,Standard 2,2024,MESP Tanzania,50,61210
Mathematics-S3-2024-Arusha-CC-November-Annual-exam.pdf,Mathematics-S3-2024-Arusha-CC-November-Annual-exam-AnswerKey.pdf,Mathematics,Standard 3,2024,Arusha CC,26,55154
Mathematics-S3-2024-Malinyi-DC-November-Annual-exam.pdf,Mathematics-S3-2024-Malinyi-DC-November-Annual-exam-AnswerKey.pdf,Mathematics,Standard 3,2024,Malinyi DC,25,53925
Mathematics-S4-2024.pdf,Mathematics-S4-2024-AnswerKey.pdf,Mathematics,Standard 4,2024,NECTA,25,55430
Mathematics-S5-2024-HEAGTON-July-Monthly-test.pdf,Mathematics-S5-2024-HEAGTON-July-Monthly-test-AnswerKey.pdf,Mathematics,Standard 5,2024,HEAGTON,33,57053
Mathematics-S5-2024-KIPCO-Terminal-exam.pdf,Mathematics-S5-2024-KIPCO-Terminal-exam-AnswerKey.pdf,Mathematics,Standard 5,2024,KIPCO,33,59331
Mathematics-S5-2024-MESP-Tanzania-April-Monthly-test.pdf,Mathematics-S5-2024-MESP-Tanzania-April-Monthly-test-AnswerKey.pdf,Mathematics,Standard 5,2024,MESP Tanzania,32,57601
Mathematics-S5-2024-MESP-Tanzania-May-Terminal-exam.pdf,Mathematics-S5-2024-MESP-Tanzania-May-Terminal-exam-AnswerKey.pdf,Mathematics,Standard 5,2024,MESP Tanzania,30,57769
Mathematics-S5-2024-MESP-Tanzania-November-Annual-exam.pdf,Mathematics-S5-2024-MESP-Tanzania-November-Annual-exam-AnswerKey.pdf,Mathematics,Standard 5,2024,MESP Tanzania,33,57163
Mathematics-S5-2024-SPES-September-Monthly-test.pdf,Mathematics-S5-2024-SPES-September-Monthly-test-AnswerKey.pdf,Mathematics,Standard 5,2024,SPES,33,57828
Mathematics-S6-2024-MESP-Tanzania-August-Midterm-exam.pdf,Mathematics-S6-2024-MESP-Tanzania-August-Midterm-exam-AnswerKey.pdf,Mathematics,Standard 6,2024,MESP Tanzania,33,57826
Mathematics-S6-2024-MESP-Tanzania-May-Terminal-exam.pdf,Mathematics-S6-2024-MESP-Tanzania-May-Terminal-exam-AnswerKey.pdf,Mathematics,Standard 6,2024,MESP Tanzania,34,58593
Mathematics-S6-2024-MESP-Tanzania-November-Annual-exam.pdf,Mathematics-S6-2024-MESP-Tanzania-November-Annual-exam-AnswerKey.pdf,Mathematics,Standard 6,2024,MESP Tanzania,33,58096
Mathematics-S6-2024-SAP-September-Practice-assessment.pdf,Mathematics-S6-2024-SAP-September-Practice-assessment-AnswerKey.pdf,Mathematics,Standard 6,2024,SAP,33,58652
Mathematics-S6-2024-SPES-September-Monthly-test.pdf,Mathematics-S6-2024-SPES-September-Monthly-test-AnswerKey.pdf,Mathematics,Standard 6,2024,SPES,33,58854
Mathematics-S6-2024-Top-Abilities-November-Annual-exam.pdf,Mathematics-S6-2024-Top-Abilities-November-Annual-exam-AnswerKey.pdf,Mathematics,Standard 6,2024,Top Abilities,33,61754
Mathematics-S6-2024-VOPSO-April-Practice-assessment.pdf,Mathematics-S6-2024-VOPSO-April-Practice-assessment-AnswerKey.pdf,Mathematics,Standard 6,2024,VOPSO,33,60556
BasicMath-F2-2023.pdf,BasicMath-F2-2023-AnswerKey.pdf,Basic Mathematics,Form 2,2023,NECTA,23,88277
BasicMath-F4-2023.pdf,BasicMath-F4-2023-AnswerKey.pdf,Basic Mathematics,Form 4,2023,NECTA,39,332350
English-F2-2023.pdf,English-F2-2023-AnswerKey.pdf,English,Form 2,2023,NECTA,53,69571
English-F4-2023.pdf,English-F4-2023-AnswerKey.pdf,English,Form 4,2023,NECTA,53,75241
English-S2-2023-Mbezi-Bwa-January-Monthly-test.pdf,English-S2-2023-Mbezi-Bwa-January-Monthly-test-AnswerKey.pdf,English,Standard 2,2023,Mbezi Bwa,50,65013
English-S4-2023.pdf,English-S4-2023-AnswerKey.pdf,English,Standard 4,2023,NECTA,25,56628
English-S5-2023-Luqman-Primary-School-August-Midterm-exam.pdf,English-S5-2023-Luqman-Primary-School-August-Midterm-exam-AnswerKey.pdf,English,Standard 5,2023,Luqman Primary School,45,64757
English-S7-2023.pdf,English-S7-2023-AnswerKey.pdf,English,Standard 7,2023,NECTA,45,63063
Hisabati-S4-2023.pdf,Hisabati-S4-2023-AnswerKey.pdf,Hisabati,Standard 4,2023,NECTA,25,54262
Hisabati-S7-2023.pdf,Hisabati-S7-2023-AnswerKey.pdf,Hisabati,Standard 7,2023,NECTA,45,66695
Kiswahili-F2-2023.pdf,Kiswahili-F2-2023-AnswerKey.pdf,Kiswahili,Form 2,2023,NECTA,54,65265
Kiswahili-F4-2023.pdf,Kiswahili-F4-2023-AnswerKey.pdf,Kiswahili,Form 4,2023,NECTA,57,78819
Kiswahili-S2-2023-Luqman-Primary-School-August-Midterm-exam.pdf,Kiswahili-S2-2023-Luqman-Primary-School-August-Midterm-exam-AnswerKey.pdf,Kiswahili,Standard 2,2023,Luqman Primary School,99,81627
Kiswahili-S2-2023-Mbezi-Bwa-January-Monthly-test.pdf,Kiswahili-S2-2023-Mbezi-Bwa-January-Monthly-test-AnswerKey.pdf,Kiswahili,Standard 2,2023,Mbezi Bwa,50,66430
Kiswahili-S3-2023-Luqman-Primary-School-August-Midterm-exam.pdf,Kiswahili-S3-2023-Luqman-Primary-School-August-Midterm-exam-AnswerKey.pdf,Kiswahili,Standard 3,2023,Luqman Primary School,25,56633
Kiswahili-S4-2023.pdf,Kiswahili-S4-2023-AnswerKey.pdf,Kiswahili,Standard 4,2023,NECTA,27,57049
Kiswahili-S5-2023-Luqman-Primary-School-August-Midterm-exam.pdf,Kiswahili-S5-2023-Luqman-Primary-School-August-Midterm-exam-AnswerKey.pdf,Kiswahili,Standard 5,2023,Luqman Primary School,45,63860
Kiswahili-S7-2023.pdf,Kiswahili-S7-2023-AnswerKey.pdf,Kiswahili,Standard 7,2023,NECTA,45,62516
Mathematics-S1-2023-SHONZA-July-Practice-assessment.pdf,Mathematics-S1-2023-SHONZA-July-Practice-assessment-AnswerKey.pdf,Mathematics,Standard 1,2023,SHONZA,35,57009
Mathematics-S2-2023-Luqman-Primary-School-August-Midterm-exam.pdf,Mathematics-S2-2023-Luqman-Primary-School-August-Midterm-exam-AnswerKey.pdf,Mathematics,Standard 2,2023,Luqman Primary School,25,54682
Mathematics-S2-2023-Mbezi-Bwa-January-Monthly-test.pdf,Mathematics-S2-2023-Mbezi-Bwa-January-Monthly-test-AnswerKey.pdf,Mathematics,Standard 2,2023,Mbezi Bwa,25,54129
Mathematics-S4-2023.pdf,Mathematics-S4-2023-AnswerKey.pdf,Mathematics,Standard 4,2023,NECTA,25,55439
Mathematics-S5-2023-Brainmaster-Tanzania-July-Monthly-test.pdf,Mathematics-S5-2023-Brainmaster-Tanzania-July-Monthly-test-AnswerKey.pdf,Mathematics,Standard 5,2023,Brainmaster Tanzania,47,62808
BasicMath-F2-2022.pdf,BasicMath-F2-2022-AnswerKey.pdf,Basic Mathematics,Form 2,2022,NECTA,39,185014
BasicMath-F4-2022.pdf,BasicMath-F4-2022-AnswerKey.pdf,Basic Mathematics,Form 4,2022,NECTA,40,149036
English-F2-2022.pdf,English-F2-2022-AnswerKey.pdf,English,Form 2,2022,NECTA,53,69218
English-F4-2022.pdf,English-F4-2022-AnswerKey.pdf,English,Form 4,2022,NECTA,60,77766
English-S1-2022-Iramba-DC-July-Terminal-exam.pdf,English-S1-2022-Iramba-DC-July-Terminal-exam-AnswerKey.pdf,English,Standard 1,2022,Iramba DC,40,59976
English-S1-2022-MAP-July-Holiday-practice.pdf,English-S1-2022-MAP-July-Holiday-practice-AnswerKey.pdf,English,Standard 1,2022,MAP,136,89279
English-S1-2022-Utu-Live-Primary-School-July-Terminal-exam.pdf,English-S1-2022-Utu-Live-Primary-School-July-Terminal-exam-AnswerKey.pdf,English,Standard 1,2022,Utu-Live Primary School,25,55961
English-S2-2022-Iramba-DC-July-Terminal-exam.pdf,English-S2-2022-Iramba-DC-July-Terminal-exam-AnswerKey.pdf,English,Standard 2,2022,Iramba DC,40,60018
English-S2-2022-MAP-July-Holiday-practice.pdf,English-S2-2022-MAP-July-Holiday-practice-AnswerKey.pdf,English,Standard 2,2022,MAP,104,83957
English-S3-2022-MAP-July-Holiday-practice.pdf,English-S3-2022-MAP-July-Holiday-practice-AnswerKey.pdf,English,Standard 3,2022,MAP,50,64321
English-S3-2022-PEPS-Tanzania-June-Monthly-test.pdf,English-S3-2022-PEPS-Tanzania-June-Monthly-test-AnswerKey.pdf,English,Standard 3,2022,PEPS Tanzania,25,57329
English-S3-2022-School-assessment-November-Practice-assessment.pdf,English-S3-2022-School-assessment-November-Practice-assessment-AnswerKey.pdf,English,Standard 3,2022,School assessment,50,65876
English-S4-2022.pdf,English-S4-2022-AnswerKey.pdf,English,Standard 4,2022,NECTA,26,58439
English-S5-2022-Iramba-DC-July-Terminal-exam.pdf,English-S5-2022-Iramba-DC-July-Terminal-exam-AnswerKey.pdf,English,Standard 5,2022,Iramba DC,33,57560
English-S6-2022-Mufindi-DC-November-Annual-exam.pdf,English-S6-2022-Mufindi-DC-November-Annual-exam-AnswerKey.pdf,English,Standard 6,2022,Mufindi DC,44,62989
English-S7-2022.pdf,English-S7-2022-AnswerKey.pdf,English,Standard 7,2022,NECTA,45,62588
Hisabati-S4-2022.pdf,Hisabati-S4-2022-AnswerKey.pdf,Hisabati,Standard 4,2022,NECTA,25,55680
Hisabati-S7-2022.pdf,Hisabati-S7-2022-AnswerKey.pdf,Hisabati,Standard 7,2022,NECTA,45,67492
Kiswahili-F2-2022.pdf,Kiswahili-F2-2022-AnswerKey.pdf,Kiswahili,Form 2,2022,NECTA,55,67421
Kiswahili-F4-2022.pdf,Kiswahili-F4-2022-AnswerKey.pdf,Kiswahili,Form 4,2022,NECTA,34,71247
Kiswahili-S1-2022-Iramba-DC-July-Terminal-exam.pdf,Kiswahili-S1-2022-Iramba-DC-July-Terminal-exam-AnswerKey.pdf,Kiswahili,Standard 1,2022,Iramba DC,40,182825
Kiswahili-S1-2022-MAP-July-Holiday-practice.pdf,Kiswahili-S1-2022-MAP-July-Holiday-practice-AnswerKey.pdf,Kiswahili,Standard 1,2022,MAP,70,248086
Kiswahili-S2-2022-Iramba-DC-July-Terminal-exam.pdf,Kiswahili-S2-2022-Iramba-DC-July-Terminal-exam-AnswerKey.pdf,Kiswahili,Standard 2,2022,Iramba DC,40,210906
Kiswahili-S2-2022-MAP-July-Holiday-practice.pdf,Kiswahili-S2-2022-MAP-July-Holiday-practice-AnswerKey.pdf,Kiswahili,Standard 2,2022,MAP,46,64435
Kiswahili-S3-2022-MAP-July-Holiday-practice.pdf,Kiswahili-S3-2022-MAP-July-Holiday-practice-AnswerKey.pdf,Kiswahili,Standard 3,2022,MAP,51,67738
Kiswahili-S4-2022.pdf,Kiswahili-S4-2022-AnswerKey.pdf,Kiswahili,Standard 4,2022,NECTA,25,57306
Kiswahili-S5-2022-Iramba-DC-July-Terminal-exam.pdf,Kiswahili-S5-2022-Iramba-DC-July-Terminal-exam-AnswerKey.pdf,Kiswahili,Standard 5,2022,Iramba DC,45,63179
Kiswahili-S7-2022.pdf,Kiswahili-S7-2022-AnswerKey.pdf,Kiswahili,Standard 7,2022,NECTA,45,62499
Mathematics-S1-2022-Iramba-DC-July-Terminal-exam.pdf,Mathematics-S1-2022-Iramba-DC-July-Terminal-exam-AnswerKey.pdf,Mathematics,Standard 1,2022,Iramba DC,122,268418
Mathematics-S1-2022-MAP-July-Holiday-practice.pdf,Mathematics-S1-2022-MAP-July-Holiday-practice-AnswerKey.pdf,Mathematics,Standard 1,2022,MAP,50,533338
Mathematics-S1-2022-Utu-Live-Primary-School-July-Terminal-exam.pdf,Mathematics-S1-2022-Utu-Live-Primary-School-July-Terminal-exam-AnswerKey.pdf,Mathematics,Standard 1,2022,Utu-Live Primary School,22,53698
Mathematics-S2-2022-Iramba-DC-July-Terminal-exam.pdf,Mathematics-S2-2022-Iramba-DC-July-Terminal-exam-AnswerKey.pdf,Mathematics,Standard 2,2022,Iramba DC,120,236674
Mathematics-S2-2022-MAP-July-Holiday-practice.pdf,Mathematics-S2-2022-MAP-July-Holiday-practice-AnswerKey.pdf,Mathematics,Standard 2,2022,MAP,52,332228
Mathematics-S3-2022-Iramba-DC-July-Terminal-exam.pdf,Mathematics-S3-2022-Iramba-DC-July-Terminal-exam-AnswerKey.pdf,Mathematics,Standard 3,2022,Iramba DC,25,54333
Mathematics-S3-2022-MAP-July-Holiday-practice.pdf,Mathematics-S3-2022-MAP-July-Holiday-practice-AnswerKey.pdf,Mathematics,Standard 3,2022,MAP,51,203372
Mathematics-S4-2022.pdf,Mathematics-S4-2022-AnswerKey.pdf,Mathematics,Standard 4,2022,NECTA,25,55849
Mathematics-S5-2022-Iramba-DC-July-Terminal-exam.pdf,Mathematics-S5-2022-Iramba-DC-July-Terminal-exam-AnswerKey.pdf,Mathematics,Standard 5,2022,Iramba DC,90,75183
BasicMath-F2-2021.pdf,BasicMath-F2-2021-AnswerKey.pdf,Basic Mathematics,Form 2,2021,NECTA,28,163565
BasicMath-F4-2021.pdf,BasicMath-F4-2021-AnswerKey.pdf,Basic Mathematics,Form 4,2021,NECTA,38,114447
English-F2-2021.pdf,English-F2-2021-AnswerKey.pdf,English,Form 2,2021,NECTA,60,72220
English-F4-2021.pdf,English-F4-2021-AnswerKey.pdf,English,Form 4,2021,NECTA,52,75314
English-S4-2021.pdf,English-S4-2021-AnswerKey.pdf,English,Standard 4,2021,NECTA,25,57319
English-S7-2021.pdf,English-S7-2021-AnswerKey.pdf,English,Standard 7,2021,NECTA,45,62873
Hisabati-S4-2021.pdf,Hisabati-S4-2021-AnswerKey.pdf,Hisabati,Standard 4,2021,NECTA,25,55829
Kiswahili-F2-2021.pdf,Kiswahili-F2-2021-AnswerKey.pdf,Kiswahili,Form 2,2021,NECTA,47,66423
Kiswahili-F4-2021.pdf,Kiswahili-F4-2021-AnswerKey.pdf,Kiswahili,Form 4,2021,NECTA,35,72842
Kiswahili-S4-2021.pdf,Kiswahili-S4-2021-AnswerKey.pdf,Kiswahili,Standard 4,2021,NECTA,25,57346
Kiswahili-S7-2021.pdf,Kiswahili-S7-2021-AnswerKey.pdf,Kiswahili,Standard 7,2021,NECTA,45,64254
Mathematics-S4-2021.pdf,Mathematics-S4-2021-AnswerKey.pdf,Mathematics,Standard 4,2021,NECTA,25,56052
Mathematics-S7-2021.pdf,Mathematics-S7-2021-AnswerKey.pdf,Mathematics,Standard 7,2021,NECTA,45,66432
Mathematics-S4-2020.pdf,Mathematics-S4-2020-AnswerKey.pdf,Mathematics,Standard 4,2020,NECTA,25,55507
English - S7 - 2016.pdf,English-S7-2016-AnswerKey.pdf,English,Standard 7,2016,NECTA,0,64553
